{"movielens": {"LSI-LR": [0.679771403755, 0.683659811891, 0.684247960385, 0.687498057641, 0.687702221945, 0.687786198518, 0.69089773523, 0.690176410744], "LightFM (tags)": [0.694155788543, 0.704372098505, 0.709307102734, 0.709289841805, 0.712067755765, 0.709597701289, 0.708835406618, 0.70647266307], "LSI-UP": [0.671454420782, 0.681798257, 0.681218287168, 0.685943395745, 0.684938397526, 0.684875459011, 0.687685598479, 0.686364645435], "LightFM (tags + ids)": [0.7022989437460079, 0.711942735506908, 0.7149000802216459, 0.7167310734865299, 0.7171892930759424, 0.7213203725473676, 0.7185056619895422, 0.7164144704514184]}, "stackexchange": {"LSI-LR": [0.611534713232, 0.63796624968, 0.647039872955, 0.651895825325, 0.656968046934, 0.669428719341, 0.670871865709, 0.673237797454], "LightFM (tags)": [0.647721527088, 0.661406864671, 0.666467633678, 0.672940843865, 0.675753909421, 0.674058258873, 0.669510578872, 0.677068153519], "LSI-UP": [0.581944044361, 0.609573135108, 0.627474418976, 0.627947254361, 0.634294562359, 0.637480714117, 0.635758445991, 0.635409066807], "LightFM (tags + ids)": [0.642896546831, 0.659054000204, 0.66655325448, 0.672891141439, 0.674775949402, 0.675113755878, 0.671334648988, 0.673315663337], "LightFM (tags + about)": [0.6618516390773361, 0.679579282888151, 0.6877533588027817, 0.6919812028380095, 0.6925020570986014, 0.690782590079404, 0.6911202990907105, 0.6922578344484515]}}
